"","mean","median","sd"
"1",141.992300469484,146.1,39.4907166964847
