"","mean","median","sd"
"1",142.785187793427,147,39.436899335482
